snoo	0	2
solution	8	2
infinite	16	2
before	24	2
background	32	2
ease	40	2
hidden	48	2
logo	56	2
please	64	2
document	72	2
function	80	2
auto	88	2
return	96	2
items	104	2
foreach	112	2
cls	120	2
ffc	128	2
main	136	2
height	144	2
requestsubmit	152	2
gragient	160	2
createelement	168	2
new	176	2
png	184	1
elements	188	2
rem	196	2
appendchild	204	2
svg	212	2
url	220	2
var	228	2
type	236	2
animation	244	2
onsubmit	252	2
justify	260	2
nameditem	268	2
fill	276	2
flex	284	2
location	292	2
object	300	2
font	308	2
target	316	2
radial	324	2
radius	332	2
urlsearchparams	340	2
name	348	2
search	356	2
index	364	2
opacity	372	2
color	380	2
await	388	2
white	396	2
black	404	2
display	412	2
assign	420	2
input	428	2
isolate	436	2
align	444	2
absolute	452	2
reddit	460	2
value	468	2
currentcolor	476	2
async	484	2
border	492	2
scaleout	500	2
addeventlistener	508	2
position	516	2
domcontentloaded	524	2
forms	532	2
content	540	2
keyframes	548	2
width	556	2
center	564	2
isolation	572	2
stroke	580	2
once	588	2
transform	596	2
relative	604	2
size	612	2
scale	620	2
wait	628	2
